type,imdb_id,season,episode,url
series,tt13293588,3,1,https://dl.dropboxusercontent.com/scl/fi/9ekv5gekkglixta1z4c35/Mushoku-Tensei-Jobless-Reincarnation-S03E01-1080p.mkv?rlkey=35t8btt3nj4xk57i7mryr4nfu&st=387h0ze1&dl=0
series,tt13293588,3,2,https://dl.dropboxusercontent.com/scl/fi/8mkeqqt81tq9hpic2rbgm/Mushoku-Tensei-Jobless-Reincarnation-S03E02-1080p.mkv?rlkey=xjdx77pcuq9ep7i8k3vcy7kej&st=q4weiv6z&dl=0
series,tt13293588,3,3,https://dl.dropboxusercontent.com/scl/fi/2obbtnyifcqdludtdcn7w/Mushoku-Tensei-Jobless-Reincarnation-S03E03-1080p.mkv?rlkey=a98eek7008ai54xxioyrh586c&st=v8a7896f&dl=0
series,tt13293588,3,4,https://dl.dropboxusercontent.com/scl/fi/xrtm1002c2f9rq0i3dmg8/Mushoku-Tensei-Jobless-Reincarnation-S03E04-1080p.mkv?rlkey=q03drw19xiieato6szgvtjrzy&st=seuxmy7l&dl=0
series,tt13293588,3,5,https://dl.dropboxusercontent.com/scl/fi/yhimzt76noh2tty4e90dx/Mushoku-Tensei-Jobless-Reincarnation-S03E05-1080p.mkv?rlkey=uf11j0te3wnu5qlb3ueacowcb&st=8r8wxrb8&dl=0
series,tt13293588,3,6,https://dl.dropboxusercontent.com/scl/fi/mlbo3k0jrt2a1pzdaavux/Mushoku-Tensei-Jobless-Reincarnation-S03E06-1080p.mkv?rlkey=8vxw4648pl8fcfceuvoku22hh&st=nj1wjyp7&dl=0
series,tt13293588,3,7,https://dl.dropboxusercontent.com/scl/fi/ynymqt6l11j864x7a06y6/Mushoku-Tensei-Jobless-Reincarnation-S03E07-1080p.mkv?rlkey=lhwnr1xtw5ocxgg51jqeayoq4&st=ma0s98uz&dl=0
series,tt13293588,3,8,https://dl.dropboxusercontent.com/scl/fi/salgsuo55rszla55mi7nj/Mushoku-Tensei-Jobless-Reincarnation-S03E08-1080p.mkv?rlkey=32ih2eayzip4jlts4nbhbql12&st=mo3djuus&dl=0
series,tt13293588,3,9,https://dl.dropboxusercontent.com/scl/fi/aqtwm1hhuo9urvmrvf3o8/Mushoku-Tensei-Jobless-Reincarnation-S03E09-1080p.mkv?rlkey=nlgs4wpx5ca9nl7wud1m51f2k&st=omq9fyo5&dl=0
series,tt13293588,3,10,https://dl.dropboxusercontent.com/scl/fi/fzn2u9us5stxxybhrj2h1/Mushoku-Tensei-Jobless-Reincarnation-S03E10-1080p.mkv?rlkey=2jvrnrdi6ofsy0ij16h7rqw92&st=5pi3khz9&dl=0
series,tt13293588,3,11,https://dl.dropboxusercontent.com/scl/fi/oc2re1vec8ozkmu4gvtqv/Mushoku-Tensei-Jobless-Reincarnation-S03E11-1080p.mkv?rlkey=tnb34iyy6auztbuumr9kov94n&st=747fdzwx&dl=0
series,tt13293588,3,12,https://dl.dropboxusercontent.com/scl/fi/tthv1szk4kaitmi4rxec6/Mushoku-Tensei-Jobless-Reincarnation-S03E12-1080p.mkv?rlkey=g95ylb3u7zrkjek6zh1w18ykw&st=p11zbd34&dl=0
series,tt13293588,3,13,https://dl.dropboxusercontent.com/scl/fi/41w2tk9fvegkh04ar2dsr/Mushoku-Tensei-Jobless-Reincarnation-S03E13-1080p.mkv?rlkey=4ejyfsa539ds4t3qm7bc3d08w&st=a5n4u79k&dl=0
series,tt13293588,3,14,https://dl.dropboxusercontent.com/scl/fi/stuj1idh38qa5cugmgw4d/Mushoku-Tensei-Jobless-Reincarnation-S03E14-1080p.mkv?rlkey=g2efd0wz7y8enq9pk43azpeye&st=z8xtf4m4&dl=0
series,tt36034547,2,1,https://dl.dropboxusercontent.com/scl/fi/s5sxta1lzr81o85egpr36/You-and-I-Are-Polar-Opposites-S02E01-1080p.mkv?rlkey=nzou7subnghgkydf5xdo9wfya&st=gisrgxbn&dl=0
series,tt36034547,2,2,https://dl.dropboxusercontent.com/scl/fi/72mttyapqmihxc33y5zds/You-and-I-Are-Polar-Opposites-S02E02-1080p.mkv?rlkey=28bxm85xh5sc0gdh7ah07uq82&st=5m1p9zdr&dl=0
series,tt36034547,2,3,https://dl.dropboxusercontent.com/scl/fi/85gdm8ikctakb5vem4dw9/You-and-I-Are-Polar-Opposites-S02E03-1080p.mkv?rlkey=v9l2zat7xx7s9r7hfkvhaskuc&st=vl8b71kq&dl=0
series,tt36034547,2,4,https://dl.dropboxusercontent.com/scl/fi/c3hpvq8jv97gh60x1vkaf/You-and-I-Are-Polar-Opposites-S02E04-1080p.mkv?rlkey=m53d3ph7eh3yvzep6tl9m2ofj&st=sz1lo9pe&dl=0
series,tt36034547,2,5,https://dl.dropboxusercontent.com/scl/fi/g96kmc1qp7pgfuw5acz0f/You-and-I-Are-Polar-Opposites-S02E05-1080p.mkv?rlkey=ejkkpf3wcqdxuagvsnfeksnt2&st=7pz3n0h3&dl=0
series,tt36034547,2,6,https://dl.dropboxusercontent.com/scl/fi/l5yeudmwz847onv2o9wd9/You-and-I-Are-Polar-Opposites-S02E06-1080p.mkv?rlkey=2jm9l6ahvc4ds4pmlnshpnw9j&st=ajjmt935&dl=0
series,tt36034547,2,7,https://dl.dropboxusercontent.com/scl/fi/3jsl4d28tu2qzct3ur4jx/You-and-I-Are-Polar-Opposites-S02E07-1080p.mkv?rlkey=jqxk4ku7tc1x78yzr05ovqygv&st=ox6bqbq9&dl=0
series,tt36034547,2,8,https://dl.dropboxusercontent.com/scl/fi/4st7mk2jx2yp0sc0r4kcm/You-and-I-Are-Polar-Opposites-S02E08-1080p.mkv?rlkey=ls43a5di3ayhohxvk6jvlbolj&st=thh8gotw&dl=0
series,tt36034547,2,9,https://dl.dropboxusercontent.com/scl/fi/i2s7489q1c4x16pv3rc34/You-and-I-Are-Polar-Opposites-S02E09-1080p.mkv?rlkey=h67cvnm7j4r363rfkq2tq363z&st=ts7dxct3&dl=0
series,tt36034547,2,10,https://dl.dropboxusercontent.com/scl/fi/yijzr2yx6wqso0z0iql9d/You-and-I-Are-Polar-Opposites-S02E10-1080p.mkv?rlkey=n5i02o1ohzds6nk7v5xpvkhsm&st=an8wrg43&dl=0
series,tt36034547,2,11,https://dl.dropboxusercontent.com/scl/fi/msbfztpddn6xc8mb17ql9/You-and-I-Are-Polar-Opposites-S02E11-1080p.mkv?rlkey=7t07ewa2i5hr52qz28idzkmi0&st=vwcyd1n4&dl=0
series,tt36034547,2,12,https://dl.dropboxusercontent.com/scl/fi/75b1j1t2s8taaj326zfga/You-and-I-Are-Polar-Opposites-S02E12-1080p.mkv?rlkey=1ljerccj9w9yoltuc7xtjgt2g&st=ytzw526y&dl=0
series,tt36034547,2,13,https://dl.dropboxusercontent.com/scl/fi/5rnqvq39iskl8jin56iw9/You-and-I-Are-Polar-Opposites-S02E13-1080p.mkv?rlkey=5hbj0ad7k4s5rbu22cf16r83x&st=h9i3b48p&dl=0
